refdes,pin,voltage,current,rpin
VCOMP0,VCOMP0-0,13.78,10,0
VCOMP0,VCOMP0-1,13.78,10,0
VCOMP0,VCOMP0-2,0,-10,0
VCOMP0,VCOMP0-3,0,-10,0
VCOMP1,VCOMP1-0,13.629,-20,0.005
VCOMP1,VCOMP1-1,0.0416204,20,0.005
VCOMP2,VCOMP2-0,13.7692,-20,0.003
VCOMP2,VCOMP2-1,13.6903,6.2831,0.003
VCOMP2,VCOMP2-2,13.689,6.71578,0.003
VCOMP2,VCOMP2-3,13.6881,7.00112,0.003
VCOMP3,VCOMP3-0,13.6779,-20,0.001
VCOMP3,VCOMP3-1,13.6379,20,0.001
