refdes,pin,voltage,current,rpin
VCOMP0,VCOMP0-0,13.78,10,0
VCOMP0,VCOMP0-1,13.78,10,0
VCOMP0,VCOMP0-2,0,-10,0
VCOMP0,VCOMP0-3,0,-10,0
VCOMP1,VCOMP1-0,13.6264,-20,0.005
VCOMP1,VCOMP1-1,0.0203849,20,0.005
VCOMP2,VCOMP2-0,13.7683,-20,0.003
VCOMP2,VCOMP2-1,13.6895,6.27681,0.003
VCOMP2,VCOMP2-2,13.6883,6.67126,0.003
VCOMP2,VCOMP2-3,13.6872,7.05193,0.003
VCOMP3,VCOMP3-0,13.6776,-20,0.001
VCOMP3,VCOMP3-1,13.6376,20,0.001
